date,messages
2024-09-01T08:00:00,12
2024-09-01T15:00:00,8
2024-09-02T11:00:00,25
2024-09-02T14:00:00,32
2024-09-03T07:00:00,45
2024-09-03T18:00:00,18
2024-09-04T09:00:00,20
2024-09-04T17:00:00,40
2024-09-05T06:00:00,5
2024-09-05T20:00:00,10
2024-09-06T13:00:00,22
2024-09-06T16:00:00,30
2024-09-07T10:00:00,50
2024-09-07T19:00:00,12
2024-09-08T09:00:00,35
2024-09-08T23:00:00,17
2024-09-09T12:00:00,27
2024-09-09T21:00:00,19
2024-09-10T11:00:00,40
2024-09-10T15:00:00,33
2024-09-11T07:00:00,5
2024-09-11T18:00:00,12
2024-09-12T09:00:00,22
2024-09-12T21:00:00,25
2024-09-13T13:00:00,45
2024-09-13T20:00:00,28
2024-09-14T08:00:00,40
2024-09-14T17:00:00,12
2024-09-15T09:00:00,27
2024-09-15T22:00:00,15